id,author,like_count,is_favorited,text,class
UgzGzljPYFdFJ6OpieB4AaABAg,@Zxero_0,0,False,"Que te digo que ya no se sepa, nos metieron una carta trampa al m√°s estilo del anime",critico_negativo
Ugwbu8iOjY9glKXkT4Z4AaABAg,@xaves3873,0,False,"Quien lo dir√≠a, el gobierno haciendo leyes para ayudar a sus patrones.",mixto_neutral
UgzAoi1HTi3F4C7ah294AaABAg,@xaves3873,0,False,Horas extra üòÇüòÇüòÇüòÇ,mixto_neutral
UgxGWwgYdIRVjKrBdgd4AaABAg,@xaves3873,0,False,"Me recuerda al meme de los Simpson, d√≥nde el abogados les dice a la gente desde las televisiones, es7up1d0 jejeje",mixto_neutral
Ugy5dRVYjG2R9s3yNXt4AaABAg,@JaviveColinc,0,False,"Mmm...que no se lo cotorren...si ganas 2000 a la semana con 48 hrs, ganar√°s 2000 a la semana con 40, las horas extras no son obligatorias como lo hacen ver, y se oye cruel, si, Pero si vas seis d√≠as a la semana, es mejor salir a la una y no a las tres por ejemplo, la idea es que tengas m√°s calidad de vida para con tu familia, o para ti mismo, los gimnasios podr√≠an tener m√°s clientes potenciales....Pero nunca falta el empleador que tiene m√°s de 8 a√±os esperando que a M√©xico se lo cargue....",favorable_positivo
Ugy-uuclDcuUhNiu2vR4AaABAg,@blackfox79,0,False,"Esto deber√≠a suceder en Argentina, vuelve la esclavitud en la actualidad",critico_negativo
Ugy38YOF49dekalAIgp4AaABAg,@oscaroviedo844,0,False,"Era mejor la propuesta de Calder√≥n , sueldo por hora como en EEUU .   ......",favorable_positivo
UgyUrC566q2ZNHC3-qx4AaABAg,@johnlope8100,0,False,La culpa no es del gobierno la culpa es de la gente que sigue permitiendo estos abusos por parte del gobierno‚Ä¶,critico_negativo
Ugz40tSezMAIGgqsZQZ4AaABAg,@rubenrojobaez4890,0,False,Cada vez que el gobierno habre la boca esta mintiendo.  Asi que no le crean. Ademas como se van a calcular las semanas cotizadas al IMSS? Como va cambiar eso?. Si trabajo menos horas necesito mas a√±os para completar las semanas para que me llegue la pension?,mixto_neutral
UgwkFT1xThmarOtKrul4AaABAg,@deepKracken,0,False,"La clase trabajadora somos bien chistosos. Si queremos un trabajo de 40 horas, tenemos dos opciones: 1) Buscar un trabajo de 40 horas. 2) Presionar a los pol√≠ticos para que nos den atole con el dedo üòÇüòÇüòÇ. Y por alguna raz√≥n, escogemos la segunda",mixto_neutral
UgzRqL_YhKDKvr5lIh54AaABAg,@SalvatoreNavarrete,0,False,√âchensen un ba√±oüòÖ,mixto_neutral
UgyPd5fcvqFD0NgZQU94AaABAg,@DannyNegroe,1,False,Trampa,critico_negativo
UgzQOW-c6EgcsMpyksR4AaABAg,@urielruvalcaba7484,1,False,"F√°cil, NO OLVIDEN, en las elecciones, la mayor√≠a no son ""patrones"", son trabajadores, obreros, empleados, etc... No soltar y VOTAR, por el que de 2 d√≠as de descanso, DEBERIAMOS EXIGIR EL ARREGLO DE GANANCIAS Y HORAS EXTRAS Y POR FIN AUMENTSR PRIMA VACACIONAL Y AGUINALDO!!! VOTAR POR EL HAGA ESO Y NO SIMULACI√ìN, LITERAL TIENE MAYORIA EN TODO, SI QUISIERAN LO HAR√çAN.",mixto_neutral
Ugyzbutr1PaTjjzjjCF4AaABAg,@XE2DJR,0,False,Y los chairos p3ndejos aplauden,mixto_neutral
UgxyzFZsmAlXEuflLcF4AaABAg,@alexcortes3228,1,False,"Si no queda en la ley los 2 dias de descanso obligatorio es una estafa, ademas de regular tambien los horarios y salarios de las empresas de seguridad privada, y los negocios que no dan seguro social",critico_negativo
UgxrvofRaj-QwrgbOpV4AaABAg,@chriscano8704,0,False,YOUTUBE CENSURA  RUMORES  COMENTARIOS  POR TODOS BLOQUEO,mixto_neutral
Ugym2N-RYr8iCBeRPp54AaABAg,@Williamscruz-j9m,0,False,Alchile c mamaron. Puto pa√≠s putrefacto.,mixto_neutral
UgxKFFmjpP6Ri2kk9h14AaABAg,@GeekoSystemh,0,False,"-Las horas extras no son obligatorias -Los dos dias de descanso hay empresas que si los ofrece y otros no, toca negocear en entrevista -Si te reducen el salario es ilegal  Informense bien, no todo es malo",favorable_positivo
Ugw6dVwW0hZRCwNvfhZ4AaABAg,@alejandroalijuarezreyes323,0,False,"Que disfruten lo votado ü§∑üèª‚Äç‚ôÇÔ∏è Es una farsa, como todo lo de esta transformaci√≥n de 4¬™",critico_negativo
UgyJAF_7CLUiOpzvkXZ4AaABAg,@isaiasalanis8944,0,False,la pinche pol√≠tica de mi√©rcoles siempre le a dado atole con el dedo al pueblo riendose sin verg√ºenza alg√∫na y con mucho sinismo del obrero honesto responsable y trabajador cuando en la ley federal del trabajo dice que no se  debe de quitar ning√∫n impuesto al salario m√≠nimo,critico_negativo
UgzkazA7P99rNhXr7dR4AaABAg,@luzgtz949,0,False,"Un momento, menciona los nombres de los abogados laboristas que plantean, seg√∫n t√∫, un posible peligro con esta reforma. Si t√∫ investigaci√≥n   es ser√≠a no  digas ""podr√≠a pasar esto o aquello"", afirmalo como un hecho ya que est√°s tan segura, si no esto queda como mera suposici√≥n  cayendo en la difamaci√≥n.  Como de costumbre, todas las propuestas de la 4T son denostadas, pero las que se han llevado a cabo marchan perfectamente, a√∫n con las piedras que han puesto en el camino, muchos mexicanos ya nos vemos beneficiados por ellas, principalmente los trabajadores y el que lo niegue es porque est√°  ardido y eso no le permite que sus neuronas funcionen correctamente.",mixto_neutral
UgzHLfvWzJ17s-hZMEZ4AaABAg,@WesleyWoods-gh4ch,0,False,üòÇüòÇ SEguiran trabajando HASTA EN DOMINGO ESCLAVOS!!!!!!!!!,mixto_neutral
UgyTFMv8Qxci1NF3oUN4AaABAg,@UcanHdz,0,False,La falta de una reforma REAL de 40h que la presidente NO CUMPLI√ì es una traici√≥n a la patria,mixto_neutral
UgyKFsVo_pbXEDcs1014AaABAg,@TonyX11X,0,False,Fue pura populacheria.,mixto_neutral
UgwkTKEt38tTrlHGytZ4AaABAg,@ricardotovar9035,0,False,Hora de mudarnos de pais,mixto_neutral
UgwLaOcbFR8e5VO-JXB4AaABAg,@ricardotovar9035,0,False,Con esta 4stupudes se le puede caer la campa√±a de claudia,mixto_neutral
Ugy-XaO7Pv8XreNNdad4AaABAg,@ricardotovar9035,0,False,"Lo siento claudia, si llega un partido con 40 horas y dos d√≠as de descanso me cambio de mando üñêüñêüñê",mixto_neutral
Ugw18jFG3yTShERLtYl4AaABAg,@franciscovazquezrico721,0,False,üòÇ es de celebrar c√≥mo les  ven la cara de pnd3j0s y siguen aplaudiendo a morena jajaja... traguense esos sapos üòÇ,mixto_neutral
UgzPMOnzFXM_QBnwZNV4AaABAg,@rl7233,0,False,La gente quiere trabajar para llevar comida a sus casas. Estos tipos lo vuelven m√°s dif√≠cil,mixto_neutral
UgyjyuEsfCQMAgjJPd14AaABAg,@charlienova8413,0,False,En Argentina la elevation a 12 horas sin horas extras a lo mejor deberiamos irnos para alla? O Que piensan? Porque al parecer nada les embona. Pero Pues hay que esperar porque asi solo con tu palabra sin ninguna Prueba de lo Que dices pues nomas no.,favorable_positivo
UgzQD7xV2WB9bxOtUsB4AaABAg,@JUANCASTILLO-h8o,0,False,Pinche gobierno!!!!!!,mixto_neutral
UgxWXAmgcbAvevsKDCB4AaABAg,@dvoraklovelace2801,0,False,Espero con esto entiendan que el gobierno solo trabaja para los empresarios,mixto_neutral
UgzEaCXZ5X1wVtTUfz14AaABAg,@antoniosamperio405,0,False,"Es una estafa, no fuera una reforma de aumento salarial y vacacional del senado y servidores publicos porque ah√≠ si cambia la cosa y la escriben bien, se blinda contra cualquier incomveniente y se aprueba en cinco minutos sin tanto jaleo",mixto_neutral
UgyqvuRCkSNkZYqfP1R4AaABAg,@JoseArturoCabrera-l6e9w,0,False,Si no estamos de acuerdo tenemos que levantar la voz quien manda unos cuantos guevones qu√© est√°n en el cenado o el pueblo ya lo dijo el presidente Lopez obrador el pueblo es el que manda,favorable_positivo
UgxODRqDjZkqY0AcJeN4AaABAg,@Jsjsnsksmsmshdnfldldlsh3,0,False,"Pues en mi trabajo la media hora de comida no esta ligada a las horas laborales, ciando deberiamos estar 8 horas en el trabajo , en realidad nos hacen estar 8:30 por que nos cobran esa media hora del ba√±o",mixto_neutral
Ugy8PvZos8ipShl4Qed4AaABAg,@salomesilvestre6874,0,False,C√≥mo siempre simulaci√≥n üòÖ osea se va hacer valer los derechos laborales a modo beneficio del gobierno y de los empresarios que lo dejen mejor como est√° y que paguen los sueldos y prestaciones que deben pagar y dejen de hacerse pendejos,favorable_positivo
UgzPa9wCpfeCrxbYz654AaABAg,@leoromano-h8u,2,False,Lo mismo est√° pasando en argentina.,mixto_neutral
UgyVUsKRzsZVFCmABCh4AaABAg,@Laura-qe3xw,0,False,"El gobi-erno busca recaudar m√°s impuestos, y al autorizar m√°s horas extra, autom√°ticamente el trabajador paga m√°s impuestos... Recuerda, cuanto m√°s alta es tu n√≥mina, mayor es la retenci√≥n de impuestos. Ahora trabajaras menos horas regulares y m√°s horas extra y pagaras m√°s impuestos... Estafa maestra.",critico_negativo
UgzJ9xhZWukx6PgttDN4AaABAg,@araxielaraxiel,0,False,"QUE LEVANTE LA MANO, EL PNDJ0 QUE SI LE CREY√ì A LA JUD√çAü§£ü§£ü§£ü§°ü§°ü§° PNDJ0S!!!",mixto_neutral
UgzgvBULUU1kZmdZfbx4AaABAg,@carlosvega3203,0,False,"Que cierren las industrias textiles,refresqueras, cervezerias y todo lo que gaste agua a lo pndjo no mecesitanos be idas azucaradas no ropa de diferentes colores mucho menos bebidas t√≥xicas",mixto_neutral
Ugx6EIjILfCqu9-elMR4AaABAg,@GODOFDRAW,0,False,"No me huele a trampa, me huele a incompetencia, por que le estamos dejando esa toma de decisiones a unas personas que nunca han trabajado en su mendigas vidas?",critico_negativo
UgwRFfD_xD3ziKi0BDZ4AaABAg,@carloscarloscarlos7201,0,False,M√°s para la bolsa de morenas,mixto_neutral
UgwwRE58pj26h1jCQqZ4AaABAg,@emmanuelpradobueno6331,0,False,"Eso nadam√°s es para ganar votos, imaginen como les pegaria a las empresas trabajar 40 horas y pagar lo mismo ser√≠a insostenible, muchas empresas se ir√≠an a la quiebra y no es que este a favor de los empresarios pero es obvio que no es negocio hacer eso",mixto_neutral
UgxRJxbqGViDEc2kOTZ4AaABAg,@BluSantos,0,False,Las hora extra son opcionales  Ami cuando me piden horas extra me niego por qu√© ni me las pagan o me las quieren dar con un d√≠a de descanso,mixto_neutral
UgzGt3n3xC2SUMu1VcF4AaABAg,@santoelenmascaradodeplata6149,1,False,Puro pinche atole con el dedo...... Como todas las promesas de MUGRENA desde 2018 a la fecha...,critico_negativo
UgxGfA_7udLIQIVu_J54AaABAg,@salinascarlosmx,0,False,El gobierno sigue dando atole con el dedo. S√≠ganle creyendo al #narcogobierno,critico_negativo
UgxF21tDxaNOyqSsf9V4AaABAg,@manuelhcruz,1,False,"Y para las empresas que te hacen trabajar de mas sin pagar las horas extras, hasta trabajando en el gobierno te la aplican asi. Entonces ah√≠ que procede, por que hay un buen de ma√±anas para brincarselas como checar a la salida a tu hora pero quedarte trabajando. Y si los denuncias pues solo te van a correr por que las demandas la gran mayoria de la veces ni proceden por mas pruebes que presentes",mixto_neutral
UgyVGEzoYwgQeAUSpVZ4AaABAg,@galletoso,0,False,"üò¢üò¢üò¢ mientras los impuestos y la crisis no disminuya, el trabajador no estara bien",favorable_positivo
UgxHJ9YqnFM6xK-9Fcp4AaABAg,@luisperezperez8655,0,False,Es que la reforma laboral esta hecha con las patas y hecha para beneficio de las empresas principalmente. üòíüòíüòí,favorable_positivo
Ugyw63VzyaJjgsmltep4AaABAg,@Zyon000Z,0,False,"hay comentarios que se refieren a los empresarios...  es.. extra√±amente conveniente... algo que nunca me he explicado de Mexico es que NUNCA REVELAN LAS FUENTES.. un partido propone la Ley... pero QUIEN, QUE PERSONA LA PROPUSO ESTA MODIFICACION,... seguramente alguien que tiene un lazo directo con algun empresario millonario que quiere aun MAS dinero Explotando a los trabajadores y le pago bastante para ello... esta bastante enga√±oso y bien planeado... les ofresco las 40 horas, pero en las letras chiquitas integro ""horas fantasma"" y ""los jdo con las horas extras menos pagadas"" Como no rastrean y se dan cuenta quien la propuso??.. a los trabajadores de Gobierno, NO LES IMPORTA, a ellos no les afecta.. las horas extra nisiquiera existen para ellos.. hasta salen antes de su hora.. (lo comprobe ya estuve ahi).. ellos aprueban lo que les pongan O.. les pagan para aprobar estas aberraciones que solo Jden a los Mexicanos que somos Mayoria. Somos Tantos.. y Nadie puede sacarles la verdad a estos corruptos?? tengalo en cuenta.. si el siguiente presidente es un Empresario, Preparense para mas Reformas de este tipo que Sobre exploten al trabajador solo para inflar aun mas sus cuentas de banco.. la riqueza y ambicion, Nunca tiene limites... y lo peor esque no les importa el pasar y pisotear a nuestra gente para enriquecerlos aun mas... Alguien les tiene que poner un Alto, y eso solo nosotros los afectados.",favorable_positivo
UgxPTPqqNe7UfObucBV4AaABAg,@3neuronaseindecisas,0,False,"Y en China trabajan casi el doble (75 horas, incluye horas extra) con equivalente a 5 salarios m√≠nimos.",mixto_neutral
UgxT-kHDVIqS6V18bbx4AaABAg,@horaciolopezperez5234,0,False,T R A M P A !,mixto_neutral
UgzDw4C-uGtansWWjm94AaABAg,@afrz4454,0,False,Morena siendo morena,mixto_neutral
Ugwut6SpFlwrrKuungp4AaABAg,@franciscolosoyagrimaldo1345,0,False,"Es una mmda, se trata de trabajar 8 horas menos para tener dos d√≠as de asueto pagados, no de joder al trabajador m√°s tiempo por menos sueldos",critico_negativo
Ugw2EjqnF4prVBORSO14AaABAg,@GermanPlacidoIzquierdo,0,False,Si es simulaci√≥n ya est√° en proceso de aplicaci√≥n con las empresas. Que gana el trabajador. Que mejora el patron. Cu√°nto ingresa adional tiene el estado en prestaciones sociales. La escalada est√° en c√°lculo del salario real,mixto_neutral
UgzNi93PvCFibkkAjFB4AaABAg,@arturocejazepeda7438,0,False,"Recordemos la esencia del cualquier gobierno, la perversidad, todo tiene una doble funcion, no hay soluciones perfectas ni justicia social eficiente... Debemos ser proactivos.",favorable_positivo
UgzY74xZv4IdPBQLIOh4AaABAg,@ivanlopezgordillo5946,6,False,Los empresarios jam√°s querr√°n perder.,mixto_neutral
UgzEeLoUctcL7iZ7mrN4AaABAg,@Alien888-t3m,0,False,Jaja de aqu√≠ a 2030 el mundo va a ser un horrendo cagadero en todos los sentidos. A ver si una reforma cambia eso para entonces,mixto_neutral
UgzJ4iSyJvxX5hO5FhB4AaABAg,@corapan618,0,False,"Por eso agarraron al Mencho, para distraer a la gente y aprobar la ref laboral sin oposici√≥n",mixto_neutral
UgzC6fR5mNfZRoqyf9p4AaABAg,@tuleno8490,0,False,Cuando una reforma a ayudado realmente? üòÇüòÇ,mixto_neutral
UgwTiT4U8ulMf8kkE8J4AaABAg,@Samuel-Escondido,1,False,Una pifia mas de la 4ta Deformacion.,mixto_neutral
Ugx-lS2dv0qb801dOaV4AaABAg,@luiscal89,0,False,No se que esperaban üòÇüòÇüòÇ,mixto_neutral
UgwFyykWJ1hT_B09U7R4AaABAg,@joseluisbermudezflores496,0,False,Creo que ya est√°n perdiendo objetividad.,mixto_neutral
UgywlRcexX0oM2JoZCN4AaABAg,@lopezcorrea1809,0,False,"Les van a quitar todos los derechos laborales es la 4t el gobierno de los ""trabajadores""",mixto_neutral
Ugzvfxr0O20lda4_P-N4AaABAg,@IRVING-xT1,0,False,El gobierno como llora pero que tal para poner pan y vrg nada,mixto_neutral
UgylXRIkP0X_x7lNkSJ4AaABAg,@jairmalagaleal1295,0,False,"Pues claro que es Fraude que la gente siga trabajando 52 o 58 horas a la semana, el disfrutar la vida aparte del trabajo y descansar lo apropiado esta sobrevalorado jajaja üòÇüòÖüòè",critico_negativo
UgxNLWYcMJo5nL18UZ54AaABAg,@carmencarbajal6920,7,False,Es una porquer√≠a,mixto_neutral
UgzngwQ1Br_9cbDXJ9t4AaABAg,@panxo606,2,False,un mensaje para los chairos:  disfruten lo votado üòÇ,mixto_neutral
UgyWx4LtPwBIzNOXFCt4AaABAg,@badneoaldo,0,False,Pero de esto no se qiejan los peque√±os y grandes empresarios como en el aumento de los salarios.,mixto_neutral
UgwAM7nwm-48bwb2G6Z4AaABAg,@Alzquer,3,False,"Muy dif√≠cilmebte tendremos algo que beneficie a los trabajadores, cuando la misma casta empresarial a venido comprando pol√≠ticos para degradar los derechos laborales de los trabajadores, si no, simplemente hay que ver, a√±os atr√°s el salario alcanzaba un poco m√°s, y con el pasar del tiempo, la vida es much√≠simo m√°s cara, hay m√°s producci√≥n y a√∫n as√≠, nuestro poder adquisitivo en las cosas importantes es much√≠simo menor que la de nuestros abuelos, si a los empresarios no les interesa tener leyes y derechos justos, ellos lo que quieren son esclavos para mantener su vida de lujos y excesos a costa nuestra.",mixto_neutral
Ugwis1RBXsFLyV45u5V4AaABAg,@maximomartins5323,0,False,ü§£ü§£ü§£ü§£ü§£ü§£ü§£ü§£fraude ü§£ü§£ü§£ü§£,critico_negativo
UgxqG-QRDQ6pHN8vvJ54AaABAg,@ByroniLindo,1,False,"En esas mismas 40 horas un trabajador de EEUU produce 5 vecesas, por eso tiene un sueldo 5 veces mayor que un trabajador Mexicano, si no eres productivo Mexico siempre vivira con sueldos bajos.",mixto_neutral
UgyiU761RFoh1PdTz1R4AaABAg,@0marmendoza852,1,False,morena SIEMPRE morena con sus traiciones mentiras y manipulacionesüò¢üò¢,mixto_neutral
UgzVQCIEbSoGtHsXvcV4AaABAg,@gerardobarbosa1801,0,False,Jajajaja jajajaja jajajaja espanta tontos. Quien cree est√° basura,mixto_neutral
UgyQ88w4kxWeuMyC6MZ4AaABAg,@CarlosHernandez-ss7bs,0,False,"Nos chingan impuestos, m√°s beneficios para el gobierno no sheinbaum eso no fue lo que pedimos quita tu chingadera, que fraud no que un M√©xico sin hambre Claudia y prefiere seguir ayudando a los esclavitas que a su propio pueblo",mixto_neutral
UgxFbzcny5b-nh0k6nt4AaABAg,@ulisessantos2562,0,False,Y lo que hay que aplaudir es wue nunca dijieron que iban a pelear dos dias de descanso.,mixto_neutral
Ugx5KTkn_5LhRm0o86l4AaABAg,@sinuehvalladolidcruz8826,8,False,Es justo lo que siempre he cre√≠do que pasar√≠a desde que se propuso la idea,mixto_neutral
UgxV8YKr19U1YwFknlN4AaABAg,@RARB2146,0,False,Los que trabajan en los centros son puros trabajos mal pagados. No puede aplicar las 40 horas de hecho no debe de aplicar. Y las empresas multimillonarias Chill√°n por 2 d√≠as de descanso. No quieren contratar m√°s. Y hasta ni horas extras quieren pagar. Las empresas muy importantes tienen m√°s poder hasta m√°s qu√© el gobierno. Adem√°s con los impuestos te quitan tus horas extras. Las 40 deben aplicar a las empresas qu√© si son multimillonarias  Y de una no gradualmente hasta 2030 al final morena no pudo doblegar a las empresas. El trabajo informal el mal pagado sin imms ni prestaciones as√≠ debe de quedar porque no pueden pagar o no quieren. Ah√≠ pues deben ser 48.,mixto_neutral
UgwMLyh1v2FJGOqT9ox4AaABAg,@4P4XC0,0,False,"Primero que nada, estoy a favor de las 40 horas, creo que son bien merecidas.  Pero ni todos los empresarios son malos ni todos los trabajadores son buenos. Al que realmente van a afectar es al peque√±o empresario, la gran empresa va seguir buscando m√©todos para evadir, porque ya lo hace actualmente. El que se lleve gradualmente esta bien, la distribuci√≥n a conveniencia de la empresa ya existe, muchas √°reas administrativas tienen dos d√≠as de descanso, obviamente las √°reas operativas son las que se tendr√°n que acomodar. Tal vez no es un paso como hubi√©semos querido, pero aceptemos que es un gran paso.",favorable_positivo
Ugy-vgTQ0UUTOjYN_Tp4AaABAg,@marxx7594,0,False,Deber√≠an consultar a expertos y no difundir informaci√≥n a medias,mixto_neutral
UgzvADPf9oFDZFAkodp4AaABAg,@Eduardo_Music8560,0,False,"Al final esto de la reducci√≥n de la jornada laboral ser√° una Farsa ejecutada por la misma presidenta Claudia (traicionando a la clase trabajadora explotada), de Morena y de la misma 4T. C√≥mo es posible que los trabajadores en la iniciativa privada trabajen m√°s de 48 horas, mientras los que trabajan en el gobierno o instituciones p√∫blicas, descentralizadas trabajen de 30 a 40 horas toda la vida. Definitivamente hay mexicanos de primera y de segunda clase.",critico_negativo
UgwhKskxhfROIOjD_wB4AaABAg,@kenshirootomo6993,0,False,"Lo que nadie me responde y he preguntado en varios canales que hablan de tema: Yo trabajo 48 horas a la semana, pero mi horario es de Lunes a Viernes. No existen las horas extra en compa√±√≠a d√≥nde trabajo.  Las utilidades no se dan bajo ley y simplemente nos dan 3 semanas de sueldo y listo.  Entonces como aplicar√≠a la reducci√≥n de horas en nuestro caso? Podr√≠a afectar en algo lo de las horas extras? Algo m√°s que deba de saber en mi esquema de trabajo?",mixto_neutral
UgzCwKAMkeeqeTJFpW94AaABAg,@JorgeMoreno-uf9zx,2,False,"Si no quieren trabajar no trabajen, pero dejen que la gente trabajadora trabaje.",mixto_neutral
Ugx8J3pESnrM3bb4jD94AaABAg,@blackyonbi,0,False,"Tienes que ser un humano de mierda muy especial para joder las 40 horas a la semana.  Pero bueno , a los chairos ni les afevta porque esos huevones ni trabajan.",critico_negativo
UgydS6RNHt0b7vJU5Bp4AaABAg,@jarobano,0,False,En mi trabajo si se manejan 40 horas y saben c√≥mo afect√≥ a la empresa:   en nada xd  Que quieran negrear gente o manejen sus finanzas con las nalgas es diferente.,mixto_neutral
UgwtYUBD_fT4Hquqp1l4AaABAg,@migueltlaloc3001,0,False,üòí 48 mas 9 es 57 horas actualmente y si nos reducen la jornada de 40 mas 12 son 52 horas b√°sicamente 4 horas mas del promedio con la leve diferencia de una bonificacion por tu tiempo extra de al rededor de 1200 mas a tu salario si ganas obvio el minimo.,mixto_neutral
Ugzc6kQ40zhCROYBJUN4AaABAg,@JesusCort√©s-k8y,0,False,"Somos un pa√≠s del tercer mundo y la manada anda buscando menos trabajo, cuando deber√≠amos de ser como China , que trabajan 6 d√≠as y por m√°s de 8 horas y hoy son potencia mundial",mixto_neutral
UgyLsucZtWKHEAx5Lhp4AaABAg,@GerardoAguilera-dr8pp,0,False,"En si nadie cumple el reglamento laboral, las empresas siguen explotando al trabajador, pero si t√∫ informador lo hubieras informado antes te dar√≠a la raz√≥n.  Hoy es un gran avance con las 40, claro si como empresa trabajas con el reglamento establecido si te beneficia .  Por favor ya hagan su chamba los medios ardillas üòÇüòÇüòÇüòÇ",mixto_neutral
UgxRxWcNfv9mR27y3Nh4AaABAg,@LennarthAnaya,0,False,tss... traici√≥n a sus solovinos que tanto los justifican,mixto_neutral
UgwZIHXDmyyYpY-jVzd4AaABAg,@Alan-sm4qp,0,False,"Y todavia dicen que va a ser poco a poco , pinches culeros",mixto_neutral
UgxQUw_id5tseZhzPdB4AaABAg,@edgarestrada9519,0,False,"8 HR menos no, 50 Horas ya! No dijo nadie nunca. Video rid√≠culo.",mixto_neutral
UgyCPro9SfRnCoMueD94AaABAg,@juanramonmunosestrada4224,0,False,Bla bla bla sigan ladrando los perros ...viva la 4t trasformacion ..prianistas de mierda,mixto_neutral
Ugw6puNzB126QeCUowV4AaABAg,@Crowness,0,False,"Entonces hay que subir las horas... Miren a argentina como esta derrumbandose, teoria de esta afirmaci√≥n si que es convincente mas la pr√°ctica es muy diferente...",mixto_neutral
UgyImh5NmKtZ_lKzEsF4AaABAg,@maximo_vj,0,False,"puras mentiras de MTenMX, mejor digan que son borregos del PRIAND",favorable_positivo
UgwqSBNwrfawTqS26B94AaABAg,@yugijaden92,0,False,pura porqueria como siempre.,mixto_neutral
Ugyl-7t06dVTX9yaCXd4AaABAg,@morrocoball586,0,False,"No son iguales, SON PEORES  El peor presidente de la historia de M√©xico",mixto_neutral
UgxpNRkNYhBVRK7VrIR4AaABAg,@Sr_shrek,0,False,como reducir la jornada sin reducirla :v el enigma que morena pudo resolver :v,mixto_neutral
UgxnJ8d4Guv6_xJfoT54AaABAg,@zakdurden4743,0,False,Entonces el problema no es la reforma sino las empresas que buscaran abusar de ella,mixto_neutral
UgzdPKm0foWCCVumcWl4AaABAg,@EseByron,0,False,no olviden que muchas empresas ogts no cuentan tu hora de comida como parte de la jornada...,mixto_neutral
UgwVJlcVYhzqTaFSN0x4AaABAg,@xBrabus76,3,False,Descansas de un trabajo en la ma√±ana para entrar a otro en la tarde!,mixto_neutral
UgwhhPZE-HDc1Ourhm94AaABAg,@Isrianh,1,False,"S√≥lo los chairos prianistas o pndjs del bienestar se tragan todas los tonter√≠as que salen de las bocas de los morenistas. Tambi√©n consideren que hay pol√≠ticos, sus empleados y militantes de Morena defendiendo a este narco gobierno en las redes sociales.",mixto_neutral
Ugzn_c3IpmEuyrJRhex4AaABAg,@carlossalas8944,0,False,Deber√≠a hacerce un hastag record√°ndoles al senado y presidenta que recordaremos como pueblo en la siguientes elecciones para q el siguiente partido se acuerde de ellos comos actuales con los anteriores gobiernos,mixto_neutral
UgzClnc1f92Zd4ymFuF4AaABAg,@pablodanielescobarm.t.z6734,0,False,La Cient√≠fica malinterpreto mi deseo...mejor NADOTA,favorable_positivo
Ugzurvc2T1tP9wKOC014AaABAg,@omargarciajimenez1760,0,False,"Yo soy abogado laboral y nada de lo que dice est√° mujer tiene fundamento, si acaso √∫nicamente lo de los traslados, pero fuera de eso deber√≠a de acercarse a un especialista en materia de seguridad social, pagar m√°s impuestos depende completamente de la tabla del isr que te encuentres, obvio si ganas m√°s pues pagas m√°s y eso no es de ahora es de siempre, con respecto a trabajar m√°s el tope de horas extras si se redujo, adem√°s yo conozco muchas empresas que si las pagan, pero bueno ya desde hace tiempo este canal dejo de ser objetivo.",mixto_neutral
UgxAyLN5hwxP9EyLdFp4AaABAg,@joseluislucero8387,0,False,"üòÇüòÇüòÇüòÇüòÇüòÇüòÇüòÇüòÇüòÇ, el chiste es quejarse de todo y hacerla de pedo üòÇüòÇüòÇüòÇüòÇüòÇüòÇüòÇüòÇüòÇüòÇ",mixto_neutral
UgxIiAjlbwSIRPqySC94AaABAg,@uzzielreyes2224,2,False,Esto suena a que el gobierno trabajes horas extras y todo eso se valla en impuestos.  E estado en empresas que est√°s obligado trabajar hasta los domingos y todo ese tiempo si te lo pagan en la n√≥mina es absorbido por impuestos y en otras empresas para que no te vallas te lo pagan en efectivo casa que es muy raro en empresas.,mixto_neutral
Ugwvfre6xcX5IuIxhGR4AaABAg,@cordelialear1528,0,False,Jaja nos va a cargar bien y bonito  Solo falta que anuncien las tiendas de raya,favorable_positivo
UgwQacv5Y7aFgqIzfap4AaABAg,@bobserrano8130,2,False,Los chairos estan felices con la reforma!! Porque ellos ni trabajan! üòÇüòÇüòÇ,mixto_neutral
UgwgBqa_AamQmnQAxb94AaABAg,@Jos√©FranciscoCamacho√Åvil-g4y9c,1,False,Se trata de una trampa,critico_negativo
UgwQB1gdoKxXOsYGc954AaABAg,@rogelioalanis6495,0,False,Mendigo chayotero distorsionando la informaci√≥n vayan y Chinguen a su reput√≠sima madre todos los de Mientras tanto en M√©xico son unos lacayos de Salinas pliego as√≠ se pongan otro nombre pertenecen a TV Azteca malditos perros asquerosos,mixto_neutral
UgwvSk-F0tbyNMLwZaR4AaABAg,@argusa12345,0,False,"Esto es producto del gobierno neoliberal, corrupto y aliado del narco qu√© padecemos desde al menos el 2006. Pura demagogia, vla realidad es que este gobierno es aliado de los empresarios  qu√© a los trabajadores se los lleve la chin... Saludos",mixto_neutral
UgzDE9B8EaJdIYSK9Ip4AaABAg,@joseluisgutierrezponcedele6895,0,False,OTRO MEGAFRAUDE,mixto_neutral
UgynvC81QYYg51oO6LB4AaABAg,@jesuspena-md9tg,0,False,No le puedes llamar fraude a algo que todos sab√≠amos que  pasaria üòÖüòÖüòÖ Trabajar 40 horas en M√©xico es una fantas√≠a,critico_negativo
UgzqfpkoItfu66o6HEZ4AaABAg,@krzsn5382,0,False,"como si no conocieran a los empresaurios, si les bajaran a 20 horaas a la semaana, igual te mandarian a trabajar 6 dias, aqui el detalle es relmente pedir lo que se quiere,   pero tambien no solo es tiempo, sse reqquiere seguridad, mejora de transsporte publico, escuelas mass cerca, dessentralizar industrias o reubicar parqques industrialess. mejora de infraestructura vial. son muchos temas que apuntan a una mejora del trabaajador.",mixto_neutral
UgyUyyhk14tqfzK-xrZ4AaABAg,@mexicofilmsproductions865,1,False,"Las 40 horas son siempre una estafa, Dinamarca es el pa√≠s de la OCDE que menos trabaja, y viven bien, bastante bien, trabajan en promedio 32 horas, y lo curioso es que all√° la jornada semanal m√°xima es de 48 horas, en otras palabras, si no mejoras la productividad de cada trabajador, con mejor educaci√≥n y/o mejor tecnolog√≠a, vas a tener que seder en otros apartados, apartados que para m√≠ son m√°s importantes, lo bueno de un trabajo formal es que es el empresario el que absorbe las p√©rdidas derivadas del azar, se va la luz y no hay trabajo, sorry sorry, pero t√∫ cobras igual, seg√∫n dice la nota, podr√≠a ser que ya no, te podr√≠an descontar esas horas o otras cosas que veo y me parecen rid√≠culas.",mixto_neutral
UgyANVm3kSG-CGQ9MRR4AaABAg,@yorchsguz7109,1,False,"Fraude üòÇüòÇüòÇ y en los sexenios del Prianarco cuando te contrataban por Outsourcing (trabajo esclavizado) un simple salario inclu√≠a todo (s√°bados, domingos y d√≠as festivos) eso que era ladradora?",critico_negativo
Ugweopz6baIy-d9F-1F4AaABAg,@fdorantesm,0,False,"Las horas fantasma son un boquete enorme, el empleado ya fue a trabajar, si no se garantiza que tenga trabajo no puede irse a otro empleo a cubrir esas horas sin actividad.",mixto_neutral
UgyGxWGV_kz5vCCDuNN4AaABAg,@alxmagnus238,0,False,"El cinismo de como todos ahora quieren que se realice 40 horas de trabajon a la semana, cuando por decadas aceptaron la explotaci√≥n de la clase trabajadora.  Que hipocritas.",mixto_neutral
Ugz1BYp5HaNhLteVGqh4AaABAg,@yorchsguz7109,0,False,Fraude: para zombies y #Therians üòÇüòÇüòÇüòÇ,critico_negativo
UgzUoNEPMv_yVB345TN4AaABAg,@yorchsguz7109,0,False,"Y tu que opinas del FOBAPROA ladradora, aun nos quedan 38 a√±os por pagar? Eso es fraude?",critico_negativo
UgxPzoHAdY4EXCZMqRh4AaABAg,@yorchsguz7109,0,False,"Cu√°ndo el Salinas de Gortari vendi√≥ el pa√≠s, donde estabas ladradora?",mixto_neutral
UgySOfYZ8TsA36doupF4AaABAg,@yorchsguz7109,0,False,Cuando Zedillo nos la dejo con las pensiones donde estabas ladradora?,mixto_neutral
Ugxwt5T_LUiZ9WnzHcN4AaABAg,@BrendaGarcia-b1u,0,False,MORENISTAS DE  MIERDA,mixto_neutral
UgxdJ0KeFR8mPTy6qmB4AaABAg,@yorchsguz7109,0,False,"Fraude : Ahora resulta que le buscan hasta lo que no a cualquier Reforma. Les Pregunt√≥ : D√≥nde estuvieron esos 80s a√±os que el Prianarco nos la dej√≥ ir y nos la sigue dejando ir? Nadie ladraba! Hoy, hasta los mudos hablan. üí™ü§¨",critico_negativo
UgzsI8Sl0iIEMocK3kp4AaABAg,@bffgpi9531,0,False,Malditos traidores,mixto_neutral
Ugw9Gc7A-kvlPPxUwSJ4AaABAg,@Hyona,0,False,Tipico de gobiernos comunistas,mixto_neutral
UgyhUpBC5C6ljKoBgYB4AaABAg,@samuu3353,7,False,COMO TODO LO QUE HAB HECHO EN ESTOS √öLTIMOS DOS GOBIERNOS‚Ä¶.PURA SIMULACI√ìN‚Ä¶.ASI DE SURREALISTA EST√Å MEXICO‚Ä¶‚Ä¶üòñüòñüòñüòµ‚Äçüí´üòµ‚Äçüí´üòµ‚Äçüí´,mixto_neutral
UgxXuoLlVmiPOA6vJFB4AaABAg,@AngelRodriguez-qg5zq,0,False,Muy mal este video. Es ofensivo para nuestros amos extrangeros,mixto_neutral
UgxakXSuT5UL0gAIKKd4AaABAg,@angelrdz1218,0,False,Lo de morena salieron igual o peor que los panistas,mixto_neutral
Ugwbh67KbC1o3iF73oN4AaABAg,@adanmarin3255,0,False,"Podr√≠as mencionar a los ""diversos sindicatos y especialistas que consultaste"" y a los ""abogados laboristas"" que opinan lo que tu mencionas en El video?",mixto_neutral
Ugy5JZxFaeua9qlwjHx4AaABAg,@NANDO8482,9,False,Recuerdo cuando era joven mi primer trabajo por alguna raz√≥n no hab√≠a quien cubriera el siguiente turno as√≠ que dije va pues voy ya hacia mis cuentas de que esa quincena me llegar√≠a de la menos seis mil pesos üòÇüòÇüòÇüòÇ sorpresa menos ISR y dem√°s cosas me lleg√≥ casi igual que si trabajara mi turno normal pero si le trabaj√© el doble üòÇüòÇüòÇüòÇ,mixto_neutral
Ugzr9OZRNHIeuV-EnaF4AaABAg,@wero259688,0,False,"Todo lo que hace morena tiene trampa, su incompetencia es tanta  que no les permite hacer lago diferente",critico_negativo
Ugyf2iUYx91eY9uoNot4AaABAg,@NeoG3o,1,False,"Veo puras quejas... Ning√∫n chile les embona, sigan trabajando 48 horas entonces o en su defecto como en el defectuoso con 60 horas.. En mi trabajo en el 2025 nos bajaron a 45 horas y en Marzo 2026 cambiamos a 42 horas... Y SI solo trabajamos 5 d√≠as a la semana... Reclamenle a sus patrones, busquense un trabajo mejor.. Sigan superando se con Capacitaciones o Certificaciones para que progresen y SI encuentren un trabajo decente! Ya basta de quejarse de su trabajo de m!erda con el Gobierno....",favorable_positivo
Ugz_IGHWx659m85bVn14AaABAg,@seafighBuGs,0,False,Una completa humillacion,mixto_neutral
UgzC_8OZt5fUxL9wzFx4AaABAg,@erash6288,0,False,Nos vemos en las urnas Morena üò¢,mixto_neutral
UgzN15M-gYnv832tPdh4AaABAg,@Kevin-tp1vt,1,False,"üòÇüòÇüòÇüòÇesto es una burla. En lugar de aumentat el salario m√≠nimo debieron implementar la semana inglesa, ya despu√©s con el tiempo y ajuste, fijar el tabulador de sueldos. Solo lo lamento por los que hayan votado por la oposici√≥n. El resto se lo merecen jajaja jajaja jajajaja jajajaja",mixto_neutral
Ugz153dpuNjybNA35Wt4AaABAg,@istyle904,0,False,Pero escuchen est√°n hablando horas extras horas extras eso quiere decir que entre m√°s tiempo te quedes m√°s te pagan y antes hab√≠a un tope de horas extras y orita lo ampliaron y sinno quieres hacer tus horas extras no las haces no pasa nada dejen de mal informar ala gente,mixto_neutral
Ugz7PO1KrsskRAwq6514AaABAg,@aratsu0,0,False,ahora dicen que fraude hahahaahahahahaha,critico_negativo
UgwhR1hMjRyGfwDMvYV4AaABAg,@stauffenbergYO,0,False,Que mrd atole con el dedo,critico_negativo
UgzED8TqLlJ3E8eJpxd4AaABAg,@stauffenbergYO,65,False,Ya me cans√© de los pol√≠ticos de mrd,critico_negativo
UgxLmOtR6RwE8PL290l4AaABAg,@estudioschinola,0,False,"les vieron la cara a los chairos....otra vez, la gente con un poco de educacion ya sabiamos que iba haber trampa",critico_negativo
UgxGOqlOdv26IMzHonp4AaABAg,@lobotzindiegoantesnesslope6004,0,False,"No pues si wueda Claro wue en mexico üá≤üáΩ jamas de preocupan por sus ciudadanos, la cosa en chingarlos como sea",mixto_neutral
UgyI05UdrAyyBLt9xiV4AaABAg,@Xweser01,27,False,"Si con esa reforma patito no se busca descansar m√°s al trabajador entonces puro humo, atole con el dedo donde todo queda igual.",critico_negativo
Ugx8mVan2HGTyp5OJ5V4AaABAg,@mister_bushido,62,False,"Ya con la palabra ""Persona trabajadora"" ya se pueden sacar muchos huecos legales.",mixto_neutral
UgyRpko4HS5SzHsrlwB4AaABAg,@DanteJacobMayadelvalle,0,False,Es una farsa,critico_negativo
UgxLwoIR02iIeLyeIE14AaABAg,@jetellez107,0,False,"Atole con el dedo. Ja, esos weyes de Morena son una mamadot4üòÇ",critico_negativo
UgzStrtvrRvelaXhT4t4AaABAg,@edgarkashmir3353,0,False,Que huevos de Sheinbaum para institucionalizar la esclavitud,critico_negativo
UgwEPnsFnHU1Tt-mytF4AaABAg,@juanorozco9237,0,False,"Aqu√≠ lo √∫nico claro es que el trabajador no va a tener sus dos d√≠as descansados, entonces cu√°l va a ser el beneficio, trabajar una o dos menos por d√≠a o salir m√°s temprano una o dos horas antes, aparte, no est√° muy clarito si nos van a pegar en el suelo,las horas extras y dem√°s prestaciones, pero en fin, alguien se va a parar el cuello con este asuntito",favorable_positivo
Ugyh57AJoim4ni-g-mV4AaABAg,@miodeyokun,0,False,"Es la 4T haciendo lo √∫nico que sabe, joder al pueblo y lo peor es que la gente les aplaude",critico_negativo
Ugz2INQv5ByoWWxZDR94AaABAg,@netor085,2,False,"ü§£ü§£ü§£ü§£ü§£ü§£ En el video solo desinforman a la gente, en especial, sobre el tema de las horas extra, es una vacilada lo que dicen. ü§£ü§£ü§£ü§£  Para empezar, no mencionan que al reducirse la jornada de trabajo sobre el mismo sueldo, las horas valen m√°s, ya que menos horas se dividen entre el mismo sueldo. Lo segundo, no explican en lo m√°s m√≠nimo c√≥mo se cobran los impuestos sobre las horas extra, que es la parte fundamental del asunto y que la mayor√≠a o casi nadie entiende. Lo tercero y m√°s importante, es que, adem√°s de que las horas extra siempre han pagado impuestos, no es lo mismo si cobras el salario m√≠nimo, pero m√°s importante, con el aumento de este, una persona que cobre dos salarios m√≠nimos en la actualidad, estar√≠a cobrando alrededor de 19 mil pesos mensuales, que es muuuuuy diferente a cobrar dos salarios m√≠nimos de los tiempos del Prian, por lo que las horas extra, con todo e impuestos, le generan una ganancia mucho mayor al trabajador.   Solo los incautos van a creer lo que dice este video. üòÖ",mixto_neutral
UgzrvQ2a-alctvCG5zF4AaABAg,@albertogutierrez3803,7,False,"No hagan horas extras, si los hostigan, demanden, ah√≠ est√° conciliaci√≥n. No se casen con 1 solo trabajo, hay varios y si  quedan desempleados, retiren de su afore en vez de tenerlo ah√≠ inservible, en lo que se reincorporan al mercado formal. Tambi√©n pueden unirse al mercado informal para evitar seguir manteniendo y pagando impuestos altos. S√© que hay necesidad, pero nada est√° por encima de la salud f√≠sica, emocional ni de sus derechos laborales. üòä",mixto_neutral
Ugx_-z31nV_nTrLpu_94AaABAg,@erenakita5164,0,False,Gobierno con aaaaaaaa de mujer jajaja,mixto_neutral
UgxA88JQmJJIKNJ5YmN4AaABAg,@lineomega,0,False,"Como dir√≠a el almirante Ackbar ""It's a TRAP!""",mixto_neutral
UgyBlruLquPrXN9hXth4AaABAg,@lexmanoctun3266,0,False,"pues resultaron peores estos weyes  les recuerdo que todo este desastre empezo en el 2018 con el ""vamos a darle el beneficio de la duda""",favorable_positivo
UgxHdE9KlDKlyk8ZbCN4AaABAg,@rael2099,4,False,Supongo que prefieren la reforma de 12 horas de milei.,mixto_neutral
UgyZBcMMNGjl4uOrel14AaABAg,@mago7014,1,False,Trampa? Jodas no digas tonter√≠as la l√≥gica dice que no se le puede mentir a la gran gran mayor√≠a que conf√≠a en el gobierno por qu√© se lo echar√≠an encima es tonto lo que dices  Que tienes que decir de amigo y su 5x2 jajajaja eso que ? 100 a√±os de dinosaurios y que hicieron por nosotros?? Robar robar y m√°s robar,critico_negativo
Ugx2Rv4hqEGb9phzi-p4AaABAg,@israelramirez9533,0,False,"Lo que nunca saben los pol√≠ticos como se ganan la vida los ciudadanos que mantienen este pa√≠s trabajan m√°s de 12, 16, 24, y hasta m√°s horas para sacar adelante a su familia",mixto_neutral
UgyO5IWpvTMejulBJ_J4AaABAg,@Edwin_SancheZ350,3,False,"Todo, vi todo el video  D√≥nde queda el fraude o que clickbait es este",critico_negativo
UgwIDKsb-JUc0a4L_VJ4AaABAg,@HellMorganson,1,False,Gobierno de mierda,mixto_neutral
Ugw6qOs65cn8T_ddOBB4AaABAg,@RGTeamMexico,0,False,Muchos pendejos juntos en un solo video,mixto_neutral
UgxawOuaBIJi3eY4yHZ4AaABAg,@ILH-e2i,0,False,"Es una autententica tomada de pelo,vas a trabajar mas,ganar menos y lo peor de todo,tu ingreso va a disminuirn y tus impuestos a la alza,es una medida que claramente va a perjudicar al trabajador de a pie,medidas populistas con perfil zurdo solo nos van a llevar al limbo.",mixto_neutral
Ugz6ArgEjs7sitargbd4AaABAg,@LtEdgarfull,0,False,"Ninguna reforma del legislativo que lleve dentro de sus planteamientos ""sentido social"" para nada es un buen proyecto de ley. Llevamos a√±os palideciendo por estas supuestas ""buenas intenciones.""",mixto_neutral
UgzTAggiUOgnNUlNfrl4AaABAg,@GabyBermudez-ht7hd,3,False,Apoyo total a Claudia mi presidenta.,favorable_positivo
UgzgeHwNTnOZbyfSEa94AaABAg,@manuelochoa5842,4,False,Otra trampa de los empresarios multimillonarios,critico_negativo
UgwgSBqeJjW30TnStFh4AaABAg,@GabyBermudez-ht7hd,1,False,‚ù§,mixto_neutral
UgzwXv5RzZTAPyUvW5R4AaABAg,@leonardopacheco5714,0,False,"Por lo menos en Argentina no mintieron a la gente con los cambios laborales, ah√≠ si te dicen que te la van a clavar y te la clavan. En cambio aqu√≠, te juran que no te la van a clavar y que quieren tu ""bienestar"", pero traen el dil do y las esposas en la mochila, pero eso si, seguro que sin vaselina.",mixto_neutral
UgwXhTaGZe0217F42bR4AaABAg,@Eduardo-eu9up,15,False,Recuerden en M√©xico las horas extra NO SON OBLIGATORIAS,favorable_positivo
UgxdWOf01UL8AiE5w8F4AaABAg,@zaihtjimenez,0,False,"üòÆ visto as√≠, suena bastante siniestra....",mixto_neutral
UgxQikLeR7tyM2onaG14AaABAg,@re5missilearea486,2,False,"Seg√∫n son 40 horas laborales normales y 12 horas extras, gui√±o gui√±oüò¢ pero aqu√≠ el trabajador no puede decirle nada al jefeüò¢ por qu√© lo dice la ley....  Leyes que se sacan del cxlo....",mixto_neutral
Ugyo7x_56pVNWd1pVfl4AaABAg,@knadrix,0,False,Siempre les ven la cara a la Chairiza üòÇ,mixto_neutral
Ugxm6-Op76a2IhkaM-p4AaABAg,@samuelramos5985,0,False,Una mentira mas de narcomorena y el cartel de tabasco,mixto_neutral
UgygC0EF89xsI1xb3ud4AaABAg,@piezoelectric627,0,False,"que raro que M√©xico sea una farsa en TODO, los morenazis si est√°n jodiendo a M√©xico",critico_negativo
Ugxk-liMX2AdpiCUYTJ4AaABAg,@Sakura369-pu2dj,0,False,Est√° bien jodido que no lo implementen ya. Estados Unidos tiene las 40 horas desde los a√±os 40's,favorable_positivo
UgyWidU3Wtytg6VvRCp4AaABAg,@BrayatanMac-Gyber,0,False,Movimiento ciudadano propone las 40 horas pero con dos d√≠as de descanso. Esos de Morena volvieron a enga√±ar,mixto_neutral
UgywlBPczPcwHnfCiVp4AaABAg,@Ledx666,0,False,"Bravo morena,bravo......vayan a aplaudirles,chairos pendejos.",mixto_neutral
UgzrMD7DN7-wwoUo7vh4AaABAg,@mruizf7,3,False,Informalidad...,mixto_neutral
UgwNWRnNGnTwuz6tVH54AaABAg,@Anti-atole,0,False,"Esa reforma es basura, solo los pndej0s creen en ella",mixto_neutral
UgzrufXsiRT0WG68BMd4AaABAg,@BioAbner,1,False,Y si yo quiero chambiar 80 horas a la semana quien me va a detener?,mixto_neutral
UgyWH_csDplnwpexEDd4AaABAg,@2hectordc,39,False,Eso de las 40 horas es un beneficio simulado para aumentar las horas trabajo y quitar derechos laborales. Se sab√≠a que era una trampa y la gente ha ca√≠do en el enga√±o pensando que se van a disminuir las horas de trabajo. Tanto a las empresas como al gobierno no le conviene que el trabajador que trabaje menos y quieren gane menos. Es una triste realidad que vivimos,mixto_neutral
UgyyN_ztqjlX1Bkc6jN4AaABAg,@Hombre_Tlacuache,5,False,Para hacerlo mas facil PRI a hora MORENA. Promete mucho pero es peor y con un truco de letras chiquitas.,mixto_neutral
UgzOIV9BvL4f_MytpMV4AaABAg,@marketfarid3648,5,False,Es una trampa el gobierno susualista,critico_negativo
UgztqD0t0TZr0N-uQ0J4AaABAg,@franciscotapia1360,0,False,üòÇ,mixto_neutral
UgwPTsUSNa3OrOUCn5J4AaABAg,@marketfarid3648,16,False,Eso pasa por vender a los hijos nietos por la pensi√≥n del malestar claro ayudar a los empresarios,mixto_neutral
UgzxWnBDUXTgG0hb1714AaABAg,@AlbertoS√°mano009,54,False,Alguien ya acabe con la momia por favor est√° hundiendo a M√©xico,mixto_neutral
UgwILYP2eD1waAC0gQ94AaABAg,@wayne5x,8,False,"el bienestar no esta en la lucha empleado vs patron, el bienestar real esta en elevar la productividad del pa√≠s.",mixto_neutral
UgyzmmIivS0gnRBFWyd4AaABAg,@f1ux889,30,False,"Y a√∫n as√≠ se jactan que el pa√≠s es una potencia econ√≥mica del Top, y a√∫n as√≠ hacen todo chueco para joder la econom√≠a personal de cada ciudadano ü´©.",critico_negativo
Ugy7YKxsVBprm_Yc6sd4AaABAg,@edwinrubero4400,3,False,4dias a la semana es lo mejor y correcto. 32 horas y cobra la semana. Si tiene que trabajar un d√≠a extra pues cobra doble. 8hrs x2=16hrs. mas. Lo qu√© le hagrada a Dios. ‚ù§Noahide. Las compa√±√≠a ser√°n vendecidas por Dios. Am√©n. Noahide.,favorable_positivo
UgwTD5MX1StfTAQ1AbF4AaABAg,@somentertainment,2,False,Termianra siendo igual que la de argentina pero mas transformada,mixto_neutral
Ugw7u_B5eQmQChJGjud4AaABAg,@Rorago3,25,False,¬øQu√© esperaban ilusos?...,mixto_neutral
UgyFyGXqT-rKG-ojKEF4AaABAg,@guntherprien6385,2,False,"Tomala, ah√≠ la tienen haraganes, ni horario de comida tendr√°n, terminar√°n como trabajadores eventuales, trabajando mas, porqu√© las horas extras aumentar√°n, bien dicen que el flojo termina trabajando el doble, y no digan que es para estar con la familia, en la empresa donde trabajo, si la m√°quina no funciona no nos presentamos a turno y lo pagamos cuando ellos digan y en el horario que digan, me parece bien, disfruten su nueva jornada, pencos, üòÇüòÇüòÇ",favorable_positivo
UgwqhCEYssVVN0arOjF4AaABAg,@josedelgado7931,1,False,MEJOR LA REFORMA DEL PINCHHE PELUCAS MILEI.  VIVA LAS JORNADAS DE ESCLAVOS ARENTINOS. CARAJO,favorable_positivo
Ugw2VD2lwR09sTukZoF4AaABAg,@alambrezZ,0,False,Todo lo de la 4t es una puta mierda,mixto_neutral
UgwC__D7NixiwhTLGlN4AaABAg,@joseluna6064,0,False,Puts mexikakas nada les embona mas que una verg prianista üòÇüòÇüòÇüòÇ‚ù§,mixto_neutral
UgwLLkMmlWxae8wNASN4AaABAg,@sergiodelgado9987,131,False,"Pinche reforma pitera! Todav√≠a la hip√≥crita de Sheinbaum diciendo ""40 horas era por lo que se luchaba, no dos d√≠as de descanso"".",critico_negativo
Ugy0_1Q_-zKsRg5Ka0F4AaABAg,@ariasaaron3182,0,False,"No es m√°s que una manzana üçé en venenada, un truco vil para que la perr Ada se la creyera",mixto_neutral
Ugznm4BK-HRg3KhoVV94AaABAg,@firbs4051,23,False,Nada de lo que hace  morena es bueno para el pa√≠s,critico_negativo
UgzId_3ENhHot2o5Ik54AaABAg,@fatherofterror,65,False,"Cada d√≠a se va mostrando como les vio la cara de pndejos el gobierno del bienestar, pero eso era lo que quer√≠an bajo la premisa ""el pri robo m√°s"" (con tono √±ero y corriente) üòÇ...",critico_negativo
Ugy8ulaqeds1qKxp9Ol4AaABAg,@123Lzant,356,False,"Si la reforma les gusto a los empresarios, significa que es una estafa para el trabajador.",critico_negativo
UgxvB8AXMxBL6N99_CZ4AaABAg,@menerhc,4,False,Hablen de las noticias de hoy,mixto_neutral
UgwJe96wCNnHZkr0zQp4AaABAg,@tupapaencalzones-kx5sz,7,False,La cuarta PUTREFACCION termino siendo mucho peor que aquellos a los que tanto criticaba,mixto_neutral
UgySvAuwgnlohbD-vnJ4AaABAg,@tupapaencalzones-kx5sz,0,False,Que chspm morena üòÇüòÇ,mixto_neutral
Ugx0dxVbIhIJ50UysJV4AaABAg,@luisgallardo158,106,False,"Es Una Trampa, Solo Basta Con Mirar El Posible Incremento De Horas Extra Y M√°s Si Las Hacen Obligatorias Para El Trabajador, Si Por Si Existe Una Crisis De Enfermedades Mentales Por Estr√©s Laboral, Ahora Ser√° A√∫n Peor, Mejor Que Se Quede Como Est√° Actualmente.",mixto_neutral
UgzzVCneDCdNtzJ3ojh4AaABAg,@chrissalazar8209,11,False,Eso se sabia solo Los aplaudidores  vieron las 40 horas burlandose de argetina con las 12 horas,mixto_neutral
Ugz9zZIkWwGBU9bgWRt4AaABAg,@Joseperez-rn2wq,4,False,"Jajajajaj üòÇüòÇESTAN BIEN MENCHITOS LOS DE ESTE CANAL üòÖüòÖüòÖ MIENTRAS TODOS LOS CANALES EST√ÅN COMENTANDO LA CAPTURA DEL MENCHO, ESTE CANAL DE LA MINI OPOSICI√ìN EST√Å D√âBILMENTE ATACANDO OTRA VEZ A LA CLAUDIA SIN √âXITO üòÖüòÖüòÖüòÖüòÖüòÖ",favorable_positivo
UgwXKyvlbyMfrJkhhvl4AaABAg,@feruchihacuevas2543,4,False,Para cuando un v√≠deo sobre todo lo de hoy del mencho?,mixto_neutral
Ugx6tujwUAEL3TK2QWJ4AaABAg,@joseerickcarreon5895,8,False,Excelente v√≠deo 10/10,favorable_positivo
Ugzj4kWdtx9XdY4jy-J4AaABAg,@antrax1969,30,False,"Nadie paga las horas extras, nadie paga los dias festivos dobles o triples..mejor que nos dejen en Home office",favorable_positivo
Ugy3pxWIMqXAomVLzht4AaABAg,@Alguien_viviente,4,False,No mames ahora que puedes subir Contenido con el Mencho subes esto,mixto_neutral
